"9780627001550","ZZ DIGTERSTEMME","005","VAN SCHAIK PUBL","9780627001551","00VS","2.00","2.00","0"
"9780627002854","GO SA BAORI","005","VAN SCHAIK PUBL","9780627002854","00VS","29.95","29.95","0"
"9780627012501","INJABULO YEBUSUKU BUNYE","005","VAN SCHAIK PUBL","9780627012501","00VS","44.95","44.95","0"
"9780627022722","TIRAGATSO","005","VAN SCHAIK PUBL","9780627022722","00VS","250.00","250.00","2"
"9780627018091","AFRIKAANS NA APARTHEID","005","VAN SCHAIK PUBL","9780627018091","00VS","99.95","99.95","0"
"9780620115896","TAALKOMPAS ELKE STUDENT SE GIDS","005","VAN SCHAIK PUBL","9780620115896","00VS","0.00","","0"
"9780627004261","AFRIKAANSE TAALSTUDIES","005","VAN SCHAIK PUBL","9780627004261","00VS","2.00","2.00","0"
"9780627022760","AFRIKAANSE TEKSLINGUISTIEK","005","VAN SCHAIK PUBL","9780627022761","00VS","605.00","605.00","9"
"9780627019739","LEGAL LATIN: A BASIC COURSE","005","VAN SCHAIK PUBL","9780627019739","00VS","5.95","5.95","0"
"9780627024481","LIAISON INTERPRETING IN THE COMMUNITY","005","VAN SCHAIK PUBL","9780627024481","00VS","425.00","425.00","-1"
"9780627025082","MULTILINGUALISM, JUDICIARY & SECURITY","005","VAN SCHAIK PUBL","9780627025082","00VS","400.00","400.00","0"
"9780627025488","MULTILINGUALISM, EDUCATION AND SOCIAL...","005","VAN SCHAIK PUBL","9780627025488","00VS","400.00","400.00","4"
"9780627027031","MULTILINGUALISM AND EXCLUSION","005","VAN SCHAIK PUBL","9780627027031","00VS","415.00","415.00","-3"
"9780627000980","ZIMNANDI NGOKUPHINDWA","005","VAN SCHAIK PUBL","9780627000981","00VS","54.95","54.95","0"
"9780627002427","AFRIKANISCHE ERZAHLUNGEN","005","VAN SCHAIK PUBL","9780627002427","00VS","2.00","2.00","0"
"9780627018404","SKRYFATELJEE","005","VAN SCHAIK PUBL","9780627018404","00VS","5.00","5.00","0"
"9780627022043","DRAMATEKS, DIE","005","VAN SCHAIK PUBL","9780627022043","00VS","250.00","250.00","-32"
"9780627022050","PLAY: A MANUAL, THE","005","VAN SCHAIK PUBL","9780627022050","00VS","250.00","250.00","16"
"9780627023385","ALKANT OLIFANT","005","VAN SCHAIK PUBL","9780627023385","00VS","435.00","435.00","0"
"9780627024375","HELE OS VIR 'N OU BROODMES, 'n","005","VAN SCHAIK PUBL","9780627024375","00VS","345.00","345.00","-1"
"9780627024733","TAAL EN STRYD","005","VAN SCHAIK PUBL","9780627024733","00VS","279.00","279.00","-1"
"9780627025792","AFRIKAANS - lewende taal van miljoene","005","VAN SCHAIK PUBL","9780627025792","00VS","295.00","295.00","10"
"9780627026850","POLITICS OF LANGUAGE IN SOUTH AFRICA, THE","005","VAN SCHAIK PUBL","9780627026850","00VS","400.00","400.00","-2"
"9780627017322","AFR SPREEKWOORDE EN UITDRUKKINGS","005","VAN SCHAIK PUBL","9780627017322","00VS","79.95","79.95","0"
"9780627017957","NORTHERN SOTHO FOR FIRST YEARS","005","VAN SCHAIK PUBL","9780627017957","00VS","275.00","275.00","12"
"9780627023019","SESOTHO MADE EASY","005","VAN SCHAIK PUBL","9780627023019","00VS","325.00","325.00","124"
"9780627023552","HOW TO EDUCATE & TRAIN OUTCOMES-BASED","005","VAN SCHAIK PUBL","9780627023552","00VS","63.95","63.95","0"
"9780627023965","ISIZULU MADE EASY","005","VAN SCHAIK PUBL","9780627023965","00VS","335.00","335.00","38"
"9780627024146","DISCOURSE IN A MULTILINGUAL COURTROOM:","005","VAN SCHAIK PUBL","9780627024146","00VS","395.00","395.00","8"
"9780627024405","SPEAKWELL 3","005","VAN SCHAIK PUBL","9780627024405","00VS","76.95","76.95","0"
"9780627024436","SPEAKWELL 6","005","VAN SCHAIK PUBL","9780627024436","00VS","76.95","76.95","0"
"9780627026409","MACRO ENGLISH AID, THE  3","005","VAN SCHAIK PUBL","9780627026409","00VS","234.95","234.95","0"
"9780627028274","NEW MACRO ENGLISH AID, THE 4","005","VAN SCHAIK PUBL","9780627028274","00VS","380.00","380.00","106"
"9780627021350","AFSTAND EN VERBINTENIS","005","VAN SCHAIK PUBL","9780627021351","00VS","399.00","399.00","0"
"9780627022661","ONS KLEIN EN SILWERIGE PLANEET","005","VAN SCHAIK PUBL","9780627022661","00VS","270.00","270.00","9"
"9780627004711","CHRIS KOBUS EN DIE BRUIN PAKKIE","005","VAN SCHAIK PUBL","9780627004711","00VS","1.00","1.00","0"
"9780627021312","STRAATPRAATJIES","005","VAN SCHAIK PUBL","9780627021312","00VS","220.00","220.00","-3"
"9780627024788","MULTILINGUALISM & GOVERNMENT","005","VAN SCHAIK PUBL","9780627024788","00VS","400.00","400.00","2"
"9780627025006","TAALLANDSKAP","005","VAN SCHAIK PUBL","9780627025006","00VS","279.00","279.00","-1"
"9780627025037","STYLBOEK - Riglyne vir paslik skryf","005","VAN SCHAIK PUBL","9780627025037","00VS","390.00","390.00","5"
"9780627025402","NORME VIR AFRIKAANS 4","005","VAN SCHAIK PUBL","9780627025402","00VS","314.95","314.95","0"
"9780627026010","MULTILINGUALISM AND ELECTRONIC LANG MAN","005","VAN SCHAIK PUBL","9780627026010","00VS","365.00","365.00","10"
"9780627026904","ACADEMIC LITERACY 2","005","VAN SCHAIK PUBL","9780627026904","00VS","365.00","365.00","-3"
"9780627027772","MULTILINGUALISM & EDU INTER","005","VAN SCHAIK PUBL","9780627027772","00VS","365.00","365.00","3"
"9780627027840","WRITING ENGLISH WITH STYLE","005","VAN SCHAIK PUBL","9780627027840","00VS","235.00","235.00","35"
"9780627028144","NORME VIR AFRIKAANS 5","005","VAN SCHAIK PUBL","9780627028144","00VS","439.00","439.00","116"
"9780627028151","VEELTALIGE VERTAALTERMINOLOGIE","005","VAN SCHAIK PUBL","9780627028151","00VS","385.00","385.00","1"
"9780627029875","OM TE SKRYF","005","VAN SCHAIK PUBL","9780627029875","00VS","345.00","345.00","208"
"9780627030185","LANGUAGE, SOCIETY & COMMUNICATION (PILOT)","005","VAN SCHAIK PUBL","9780627030185","00VS","329.00","329.00","0"
"9780627030215","OP DIE KEPER BESKOU","005","VAN SCHAIK PUBL","9780627030215","00VS","360.00","360.00","32"
"9780627031045","PERSPEKTIEF EN PROFIEL DEEL 1    2/E","005","VAN SCHAIK PUBL","9780627031045","00VS","555.00","555.00","236"
"9780627031052","PERSPEKTIEF EN PROFIEL DEEL 2    2/E","005","VAN SCHAIK PUBL","9780627031052","00VS","555.00","555.00","313"
"9780627031069","PERSPEKTIEF EN PROFIEL DEEL 3    2/E","005","VAN SCHAIK PUBL","9780627031069","00VS","555.00","555.00","224"
"9780627031953","OORGANGE EN VOORTGANGE","005","VAN SCHAIK PUBL","9780627031953","00VS","295.00","295.00","34"
"9780627028205","MULTILINGUALISM FROM BELOW","005","VAN SCHAIK PUBL","9780627028205","00VS","365.00","365.00","1"
"9780627029790","FRAMEWORK FOR THE STUDY OF LIN","005","VAN SCHAIK PUBL","9780627029790","00VS","305.00","305.00","75"
"9780627025259","SWERFSANGE - Liedere van Basothomynwerke","005","VAN SCHAIK PUBL","9780627025259","00VS","275.00","275.00","1"
"9780627019159","VEELLUIK","005","VAN SCHAIK PUBL","9780627019159","00VS","17.00","17.00","0"
"9780627027819","TUSSENSTAND: LETTERKUNDIGE OPSTELLE","005","VAN SCHAIK PUBL","9780627027819","00VS","365.00","365.00","2"
"9780627030963","LANGUAGE, SOCIETY AND COMMUNICATION 1/E","005","VAN SCHAIK PUBL","9780627030963","00VS","465.00","465.00","76"
"9780627031137","MULTILINGUALISM FOR EMPOWERMENT","005","VAN SCHAIK PUBL","9780627031137","00VS","285.00","285.00","16"
"9780627032738","HISTORY OF SOUTH AFRICAN LITERATURE IN AFRIKAANS","005","VAN SCHAIK PUBL","9780627032738","00VS","505.00","505.00","7"
"9780627032783","STUDENT VOICES IN TRANSITION 2","005","VAN SCHAIK PUBL","9780627032783","00VS","425.00","425.00","219"
"9780627033230","WRITING ENGLISH WITH STYLE 2/E","005","VAN SCHAIK PUBL","9780627033230","00VS","270.00","270.00","195"
"9780627035302","BAIE WORDE","005","VAN SCHAIK PUBL","9780627035302","00VS","185.00","185.00","-1"
"9780627035845","FONETIEK 2/E","005","VAN SCHAIK PUBL","9780627035845","00VS","235.00","235.00","-75"
"9780627036071","DIE WERELD VAN DIE STORIE","005","VAN SCHAIK PUBL","9780627036071","00VS","165.00","165.00","326"
"9780627036095","NORME VIR AFRIKAANS 6/E","005","VAN SCHAIK PUBL","9780627036095","00VS","470.00","470.00","263"
"9780627036170","VOICES OF THIS LAND 2/E","005","VAN SCHAIK PUBL","9780627036170","00VS","305.00","305.00","239"
"9780868744001","FUNKSIONELE AFRIKAANS","005","VAN SCHAIK PUBL","9780868744001","00VS","142.95","142.95","0"
"9780868744537","ZZ PRAKTIESE WERKBOEK VIR AFRIKAANS","005","VAN SCHAIK PUBL","9780868744537","00VS","5.00","5.00","0"
"9780868744445","LEKKERLUISTERLEESSTORIES","005","VAN SCHAIK PUBL","9780868744445","00VS","10.00","10.00","0"
"9780868744025","LEER SONDER MOEITE","005","VAN SCHAIK PUBL","9780868744025","00VS","5.00","5.00","0"
"9780868744520","MIND YOUR LANGUAGE","005","VAN SCHAIK PUBL","9780868744521","00VS","59.95","59.95","0"
"9780868744094","SINTAKSIS (SAGTEBAND)","005","VAN SCHAIK PUBL","9780868744094","00VS","2.00","2.00","0"
"9780620121224","LEIPOLDT EN MARAIS","005","VAN SCHAIK PUBL","9780620121224","00VS","2.00","2.00","0"
"9780949964243","TAAL EN TEKEN","005","VAN SCHAIK PUBL","9780949964243","00VS","2.00","2.00","0"
"9780627015618","SPRAAKOPLEIDING EN OPVOEDKUNDIGE DRAMA","005","VAN SCHAIK PUBL","9780627015618","00VS","355.00","355.00","127"
"9780627018480","PUBLIC FINANCIAL MANAGEMENT","005","VAN SCHAIK PUBL","9780627018480","00VS","625.00","625.00","14"
"9780627022319","BOTSWANA POLITICS & SOCIETY","005","VAN SCHAIK PUBL","9780627022319","00VS","605.00","605.00","9"
"9780627023293","ANC & NEGOTIATED SETTLEMENT","005","VAN SCHAIK PUBL","9780627023293","00VS","285.00","285.00","0"
"9780627023347","WAT SE DIE GRONDWET?","005","VAN SCHAIK PUBL","9780627023347","00VS","155.00","155.00","14"
"9780627023354","WHAT DOES THE CONSTITUTION SAY?","005","VAN SCHAIK PUBL","9780627023354","00VS","155.00","155.00","38"
"9780627023507","COMMUNITY DEVELOPMENT & BEYOND 1","005","VAN SCHAIK PUBL","9780627023507","00VS","315.00","315.00","19"
"9780627024542","UTHINI UMGAQO-SISEKO","005","VAN SCHAIK PUBL","9780627024542","00VS","109.00","109.00","0"
"9780627024610","KUNGABE UTHINI UMTHETHOSISEKELO","005","VAN SCHAIK PUBL","9780627024611","00VS","89.95","89.95","4"
"9780627026379","GOVERNMENT AND POLITICS IN THE NEW SA 3","005","VAN SCHAIK PUBL","9780627026379","00VS","339.95","339.95","0"
"9780627026645","DEMOCRACY UNDER CONSTRUCTION","005","VAN SCHAIK PUBL","9780627026645","00VS","550.00","550.00","7"
"9780627030673","COMMUNITY DEVELOPMENT PROFESSION 1","005","VAN SCHAIK PUBL","9780627030673","00VS","315.00","315.00","561"
"9780627031793","DEVELOPMENT, THE STATE AND CIVIL SOCIETY 3","005","VAN SCHAIK PUBL","9780627031793","00VS","475.00","475.00","421"
"9780627017599","PUBLIC ADMIN SA INTRODUCTORY PERSPECTIVE","005","VAN SCHAIK PUBL","9780627017599","00VS","265.00","265.00","296"
"9780627020629","SERVING THE PUBLIC","005","VAN SCHAIK PUBL","9780627020629","00VS","280.00","280.00","4"
"9780627020896","PUBLIC ADMIN GLOSSARY","005","VAN SCHAIK PUBL","9780627020896","00VS","49.95","49.95","0"
"9780627021848","CITIZEN PARTICIPATION LOCAL GOVERNMENT","005","VAN SCHAIK PUBL","9780627021848","00VS","365.00","365.00","11"
"9780627022067","DEVELOPMENT ADMIN & MANAGEMENT","005","VAN SCHAIK PUBL","9780627022067","00VS","355.00","355.00","3"
"9780627022494","INTRO TO THE MANAGEMENT OF PUBLIC FINANC","005","VAN SCHAIK PUBL","9780627022494","00VS","365.00","365.00","5"
"9780627022531","S A MUNICIPAL GOVERNMENT & ADMINISTRAT","005","VAN SCHAIK PUBL","0627022537","00VS","295.00","295.00","3"
"9780627022692","PERSONNEL ADMIN & MANAGEMENT","005","VAN SCHAIK PUBL","9780627022692","00VS","395.00","395.00","34"
"9780627022913","S A PUBLIC ADMINISTRATION & MANAGEMENT","005","VAN SCHAIK PUBL","9780627022913","00VS","234.95","234.95","0"
"9780627023224","RESTRUCTURING YOUR LOCAL GOVERNMENT","005","VAN SCHAIK PUBL","9780627023224","00VS","305.00","305.00","0"
"9780627023231","INTRO LOCAL GOVERNMENT FINANCE","005","VAN SCHAIK PUBL","9780627023231","00VS","395.00","395.00","1"
"9780627024238","DEMOCRATISATION SA LOCAL GOVERN","005","VAN SCHAIK PUBL","9780627024238","00VS","505.00","505.00","5"
"9780627024801","ORGANISATION OF GOVERNMENT","005","VAN SCHAIK PUBL","9780627024801","00VS","505.00","505.00","42"
"9780627025990","PARTICIPATORY DEVELOPMENT","005","VAN SCHAIK PUBL","9780627025990","00VS","249.95","249.95","0"
"9780627026089","PUBLIC MANAGEMENT IN THE INFORMATION AGE","005","VAN SCHAIK PUBL","9780627026089","00VS","405.00","405.00","-6"
"9780627026324","IMPROVING PUBLIC POLICY 2","005","VAN SCHAIK PUBL","9780627026324","00VS","309.95","309.95","0"
"9780627026393","INTRODUCTION TO RESEARCH IN MANAGEMENT R","005","VAN SCHAIK PUBL","9780627026393","00VS","179.00","179.00","1"
"9780627026539","STRATEGIC AND PERFORMANCE MANAGEMENT","005","VAN SCHAIK PUBL","9780627026539","00VS","435.00","435.00","248"
"9780627026898","STRATEGIC PERSPECTIVES ON CRIME AND POLI","005","VAN SCHAIK PUBL","9780627026898","00VS","395.00","395.00","51"
"9780627027291","DEVELOPMENT CHANGE AGENT, THE","005","VAN SCHAIK PUBL","9780627027291","00VS","469.00","469.00","68"
"9780627029738","MONITORING AND EVALUATION","005","VAN SCHAIK PUBL","9780627029738","00VS","315.00","315.00","50"
"9780627029745","PUZZLES IN POLITICAL PHIL","005","VAN SCHAIK PUBL","9780627029745","00VS","345.00","345.00","155"
"9780627029806","SA PUBLIC ADMIN & MANAGEMENT 10","005","VAN SCHAIK PUBL","9780627029806","00VS","415.00","415.00","167"
"9780627030680","MANAGING HUMAN CAPITAL IN THE PUBLIC SECTOR","005","VAN SCHAIK PUBL","9780627030680","00VS","415.00","415.00","552"
"9780627031304","SOUTH AFRICAN MUNICIPAL GOVERNMENT AND ADMINISTRATION 2/E","005","VAN SCHAIK PUBL","9780627031304","00VS","335.00","335.00","182"
"9780627027864","PRODUCTIVE WRITING","005","VAN SCHAIK PUBL","9780627027864","00VS","395.00","395.00","13"
"9780627027697","DISSERTATION WRITING","005","VAN SCHAIK PUBL","9780627027697","00VS","440.00","440.00","55"
"9780627030178","INTRODUCTION TO RESEARCH 3/E","005","VAN SCHAIK PUBL","9780627030178","00VS","270.00","270.00","641"
"9780627027048","RESEARCH WRITING - BREAKING THE BARRIERS","005","VAN SCHAIK PUBL","9780627027048","00VS","375.00","375.00","54"
"9780627034022","DEVELOPMENT, CHANGE AND THE CHANGE AGENT 2/e","005","VAN SCHAIK PUBL","9780627034022","00VS","525.00","525.00","232"
"9780627034060","INTERGOVERNMENTAL RELATIONS 2","005","VAN SCHAIK PUBL","9780627034060","00VS","405.00","405.00","317"
"9780627034084","MUNICIPAL FINANCE AND ACCOUNTING 3/E","005","VAN SCHAIK PUBL","9780627034084","00VS","565.00","565.00","533"
"9780627035135","IMPROVING PUBLIC POLICY 4","005","VAN SCHAIK PUBL","9780627035135","00VS","545.00","545.00","855"
"9781869280062","SMART POLICING","005","VAN SCHAIK PUBL","9781869280062","00VS","375.00","375.00","69"
"9780627034046","GOVERNMENT AND POLITICS 5/E","005","VAN SCHAIK PUBL","9780627034046","00VS","465.00","465.00","119"
"9780627034152","(EPDF)EXPLORING CREATIVITY AND INNOVATION","005","VAN SCHAIK PUBL","9780627034152","00VS","405.00","405.00","0"
"9780627026423","DIVERSITY MANAGEMENT","005","VAN SCHAIK PUBL","9780627026423","00VS","425.00","425.00","28"
"9780627026744","ORGANISATION DEVELOPMENT","005","VAN SCHAIK PUBL","9780627026744","00VS","635.00","635.00","9"
"9780627018367","FINANSIELE BESTUUR (SAGTEBAND)","005","VAN SCHAIK PUBL","9780627018367","00VS","199.95","199.95","0"
"9780627023194","BUSINESS MANAGEMENT","005","VAN SCHAIK PUBL","9780627023194","00VS","710.00","710.00","9"
"9780627025051","BUSINESS MANAGEMENT - A VALUE","005","VAN SCHAIK PUBL","9780627025051","00VS","299.95","299.95","0"
"9780627025167","GETTING AND KEEPING YOUR ACCREDITATION","005","VAN SCHAIK PUBL","9780627025167","00VS","525.00","525.00","14"
"9780627025440","ENTREPRENEURSHIP 1","005","VAN SCHAIK PUBL","9780627025440","00VS","379.95","379.95","0"
"9780627025686","ORGANISATIONAL CHANGE","005","VAN SCHAIK PUBL","9780627025686","00VS","560.00","560.00","15"
"9780627025723","CREATE YOUR FUTURE","005","VAN SCHAIK PUBL","9780627025723","00VS","289.00","289.00","2"
"9780627025822","BUSINESS MANAGEMENT - A value chain appr 2","005","VAN SCHAIK PUBL","9780627025822","00VS","465.00","465.00","0"
"9780627026171","SMALL BUSINESS MANAGEMENT","005","VAN SCHAIK PUBL","9780627026171","00VS","495.00","495.00","81"
"9780627026195","UNDERSTANDING SA FINANCIAL MARKETS 2","005","VAN SCHAIK PUBL","9780627026195","00VS","359.95","359.95","0"
"9780627026485","BUSINESS MANAGEMENT - Abridged version","005","VAN SCHAIK PUBL","9780627026485","00VS","305.00","305.00","0"
"9780627026546","STRATEGIC MANAGEMENT  2","005","VAN SCHAIK PUBL","9780627026546","00VS","339.95","339.95","0"
"9780627026553","ENTREPRENEURSHIP 2","005","VAN SCHAIK PUBL","9780627026553","00VS","439.00","439.00","4"
"9780627026775","BUSINESS MANAGEMENT - AN INTRODUCTION","005","VAN SCHAIK PUBL","9780627026775","00VS","370.00","370.00","38"
"9780627027062","LEADERSHIP CHALLENGE IN AFRICA","005","VAN SCHAIK PUBL","9780627027062","00VS","350.00","350.00","57"
"9780627027437","BUSINESS MANAGEMENT FOR ACCOUNTING STUDE","005","VAN SCHAIK PUBL","9780627027437","00VS","415.00","415.00","4"
"9780627027680","UNDERSTANDING SA FINANCIAL MARKETS 3","005","VAN SCHAIK PUBL","9780627027680","00VS","399.95","399.95","0"
"9780627027901","LEADERSHIP THOUGHTS","005","VAN SCHAIK PUBL","9780627027901","00VS","350.00","350.00","13"
"9780627027918","BUSINESS MANAGEMENT VALUE CHAIN 2/E (REVISED)","005","VAN SCHAIK PUBL","9780627027918","00VS","555.00","555.00","378"
"9780627027994","STRATEGIC MANAGEMENT  3","005","VAN SCHAIK PUBL","9780627027994","00VS","515.00","515.00","89"
"9780627028267","COURAGEOUS CONVERSATIONS","005","VAN SCHAIK PUBL","9780627028267","00VS","585.00","585.00","14"
"9780627031250","STRATEGIC MANAGEMENT PROCESS 1/E","005","VAN SCHAIK PUBL","9780627031250","00VS","475.00","475.00","411"
"9780627031366","ENTREPRENEURSHIP - SA PERSPECTIVE 3/E","005","VAN SCHAIK PUBL","9780627031366","00VS","530.00","530.00","-3"
"9780627022807","PRINCIPLES OF MICROECONOMICS","005","VAN SCHAIK PUBL","9780627022807","00VS","149.95","149.95","0"
"9780627025334","SOUTH AFRICAN LABOUR MARKET, THE 4","005","VAN SCHAIK PUBL","9780627025334","00VS","289.95","289.95","0"
"9780627025358","INVESTMENT MANAGEMENT","005","VAN SCHAIK PUBL","9780627025358","00VS","239.95","239.95","0"
"9780627025556","EKONOMIE VIR SA STUDENTE 3","005","VAN SCHAIK PUBL","9780627025556","00VS","319.95","319.95","0"
"9780627025587","QUANTITATIVE STATISTICAL TECHNIQUES","005","VAN SCHAIK PUBL","9780627025587","00VS","204.95","204.95","0"
"9780627025594","KWANTITATIEWE STATISTIESE TEGNIEKE","005","VAN SCHAIK PUBL","9780627025594","00VS","204.95","204.95","0"
"9780627024726","EMPLOYERS GUIDE TO THE EMPYMT EQUITY ACT","005","VAN SCHAIK PUBL","9780627024726","00VS","425.00","425.00","18"
"9780627016219","FINANCIAL MANAGEMENT","005","VAN SCHAIK PUBL","9780627016219","00VS","199.95","199.95","0"
"9780627024597","HUMAN HABITS OF HIGHLY EFFECTIVE ORGANIS","005","VAN SCHAIK PUBL","9780627024597","00VS","470.00","470.00","3"
"9780627033070","GENERAL MANAGEMENT 1/E","005","VAN SCHAIK PUBL","9780627033070","00VS","400.00","400.00","944"
"9780627033933","SOUTH AFRICAN EMPLOYMENT RELATIONS 8","005","VAN SCHAIK PUBL","9780627033933","00VS","490.00","490.00","705"
"9780627034176","ORGANISATIONAL BEHAVIOUR 4/E","005","VAN SCHAIK PUBL","9780627034176","00VS","505.00","505.00","305"
"9780627034572","ENTREPRENEURIAL SKILLS 1/E","005","VAN SCHAIK PUBL","9780627034572","00VS","340.00","340.00","602"
"9780627034596","INTRODUCTION TO HUMAN RESOURCE MANAGEMENT","005","VAN SCHAIK PUBL","9780627034596","00VS","355.00","355.00","1083"
"9780627036132","STRATEGIC MANAGEMENT PROCESS, THE 2/E","005","VAN SCHAIK PUBL","9780627036132","00VS","505.00","505.00","380"
"9781869280017","GUIDE TO PASSING GENERAL MANAGEMENT","005","VAN SCHAIK PUBL","9781869280017","00VS","210.00","210.00","7"
"9781869280031","STRATEGIC MANAGEMENT: APPLIED SA PERS","005","VAN SCHAIK PUBL","9781869280031","00VS","465.00","465.00","25"
"9781869280086","GUIDE TO PASSING HUMAN RESOURCES MAN","005","VAN SCHAIK PUBL","9781869280086","00VS","210.00","210.00","8"
"9781869280093","EFFECTIVE FACILITATION","005","VAN SCHAIK PUBL","9781869280093","00VS","290.00","290.00","11"
"9781869283674","ORGANISATIONAL DEVELOPMENT","005","VAN SCHAIK PUBL","9781869283674","00VS","530.00","530.00","18"
"9781869283711","FORMS OF BUSINESS ENTERPRISE","005","VAN SCHAIK PUBL","9781869283711","00VS","539.00","539.00","0"
"9781869283735","FINANCE FOR NON-FINANCIAL MANAGERS","005","VAN SCHAIK PUBL","9781869283735","00VS","229.95","229.95","0"
"9781869285685","INTEGRATED MARKETING COMMUNICATION 2","005","VAN SCHAIK PUBL","9781869285685","00VS","269.95","269.95","0"
"9781869285715","PRODUCT MANAGEMENT 2","005","VAN SCHAIK PUBL","9781869285715","00VS","209.95","209.95","0"
"9781869286040","LABOUR RELATIONS: Law & Conflict i/t wor","005","VAN SCHAIK PUBL","9781869286040","00VS","370.00","370.00","5"
"9781869286088","HUMAN RESOURCES MANAGEMENT: INDUCTION","005","VAN SCHAIK PUBL","9781869286088","00VS","330.00","330.00","1"
"9781869286095","HUMAN RESOURCES MANAGEMENT: Recruitment","005","VAN SCHAIK PUBL","9781869286095","00VS","260.00","260.00","7"
"9780627024894","SOCIAL SECURITY","005","VAN SCHAIK PUBL","9780627024894","00VS","69.95","69.95","0"
"9780627024900","BESTAANSBEVEILIGING","005","VAN SCHAIK PUBL","9780627024901","00VS","69.95","69.95","0"
"9780627024917","IZIBONELELO ZOLUNTU","005","VAN SCHAIK PUBL","9780627024917","00VS","69.95","69.95","0"
"9780627024924","TSHIRELETSO YA ISA LEAGO","005","VAN SCHAIK PUBL","9780627024924","00VS","64.95","64.95","0"
"9780627024931","NONGONOKO WA VUHLAYISEKI BYA VANHU","005","VAN SCHAIK PUBL","9780627024931","00VS","69.95","69.95","0"
"9780627024955","PABALELO LOAGO","005","VAN SCHAIK PUBL","9780627024955","00VS","69.95","69.95","0"
"9780627024962","PABALLO YA SETJHABA","005","VAN SCHAIK PUBL","9780627024962","00VS","69.95","69.95","0"
"9780627024979","TSIRELEDZO YA MASHUMISELANO A","005","VAN SCHAIK PUBL","9780627024979","00VS","64.95","64.95","0"
"9780627024993","KUCINISEKISWA KWETENHLALAKAHLE","005","VAN SCHAIK PUBL","9780627024993","00VS","69.95","69.95","0"
"9780627019654","ANATOMIE MEDIES-VERWANTE STUDIERIGTING","005","VAN SCHAIK PUBL","9780627019654","00VS","505.00","505.00","57"
"9780627021275","PRIMER OF HUMAN NEUROANATOMY, A","005","VAN SCHAIK PUBL","9780627021275","00VS","315.00","315.00","7"
"9780627022463","TEXTBOOK FOR MIDWIVES, A","005","VAN SCHAIK PUBL","9780627022463","00VS","505.00","505.00","74"
"9780627022845","MENSLIKE HISTOLOGIE","005","VAN SCHAIK PUBL","9780627022845","00VS","269.95","269.95","0"
"9780627023323","RESPONSIBLE TEENAGE SEXUALITY 2","005","VAN SCHAIK PUBL","9780627023323","00VS","495.00","495.00","3"
"9780627023897","MANAGING FOR HEALTHY LABOUR RELATIONS","005","VAN SCHAIK PUBL","9780627023897","00VS","249.95","249.95","0"
"9780627024245","REBEL WITHOUT PAUSE","005","VAN SCHAIK PUBL","9780627024245","00VS","99.95","99.95","0"
"9780627024580","HUMAN ANATOMY","005","VAN SCHAIK PUBL","9780627024581","00VS","710.00","710.00","14"
"9780627025235","EXAMINATION OF THE NEWBORN BABY, THE","005","VAN SCHAIK PUBL","9780627025235","00VS","335.00","335.00","279"
"9780627025624","HUMAN HISTOLOGY","005","VAN SCHAIK PUBL","9780627025624","00VS","605.00","605.00","5"
"9780627025631","HEALTH AND HEALTH CARE IN SA 1","005","VAN SCHAIK PUBL","9780627025631","00VS","585.00","585.00","0"
"9780627026317","EMERGENCY MANAGEMENT OF ACUTE POISONING","005","VAN SCHAIK PUBL","9780627026317","00VS","675.00","675.00","31"
"9780627026430","PAEDIATRIC SURGERY WORKBOOK","005","VAN SCHAIK PUBL","9780627026430","00VS","505.00","505.00","13"
"9780627026713","MEDICAL TERMINOLOGY","005","VAN SCHAIK PUBL","9780627026713","00VS","324.95","324.95","0"
"9780627026867","ANATOMY FOR THE MEDICAL SCIENTIF STUDENT","005","VAN SCHAIK PUBL","9780627026867","00VS","505.00","505.00","34"
"9780627026874","HAND BOOK 3, the","005","VAN SCHAIK PUBL","9780627026874","00VS","700.00","700.00","20"
"9780627027888","CLINICAL OBSTETRICS IN SOUTH AFRICA 3","005","VAN SCHAIK PUBL","9780627027888","00VS","699.00","699.00","1"
"9780627028021","ETHICS AND THE DENTAL TEAM","005","VAN SCHAIK PUBL","9780627028021","00VS","320.00","320.00","0"
"9780627031236","SOUTH AFRICAN FAMILY PRACTICE MANUAL 3/E","005","VAN SCHAIK PUBL","9780627031236","00VS","735.00","735.00","187"
"9780627032752","CLINICAL OBSTETRICS IN SA 4/E","005","VAN SCHAIK PUBL","9780627032752","00VS","845.00","845.00","283"
"9780627034657","MEDICAL ETHICS, LAW AND HUMAN RIGHTS 2/E","005","VAN SCHAIK PUBL","9780627034657","00VS","585.00","585.00","241"
"9780627024863","PATIENTS ARE PEOPLE WHO NEED ME","005","VAN SCHAIK PUBL","9780627024863","00VS","199.95","199.95","0"
"9780627026096","STATISTICS FOR NURSES","005","VAN SCHAIK PUBL","9780627026096","00VS","335.00","335.00","44"
"9780627024559","PROBLEM-SOLVING & DECISION-MAKING STRAT","005","VAN SCHAIK PUBL","9780627024559","00VS","174.95","174.95","0"
"9780627025020","CONTRACEPTION 4","005","VAN SCHAIK PUBL","9780627025020","00VS","390.00","390.00","138"
"9780627025648","HOME/COMMUNITY-BASED CARE","005","VAN SCHAIK PUBL","9780627025648","00VS","395.00","395.00","15"
"9780627025938","PSYCHOLOGY FOR NURSES","005","VAN SCHAIK PUBL","9780627025938","00VS","254.95","254.95","0"
"9780627027765","CONTRACEPTION: A SOUTH AFRICAN PERS 1","005","VAN SCHAIK PUBL","9780627027765","00VS","390.00","390.00","256"
"9780627027949","SOUTH AFRICAN CLINICAL NURSE PRACTITION","005","VAN SCHAIK PUBL","9780627027949","00VS","530.00","530.00","255"
"9780627029721","MENTAL HEALTH CARE IN AFRICA","005","VAN SCHAIK PUBL","9780627029721","00VS","335.00","335.00","343"
"9780627030130","HEALTH AND HEALTH CARE IN SA 2","005","VAN SCHAIK PUBL","9780627030130","00VS","760.00","760.00","151"
"9780627031281","NURSING SOCIOLOGY 5/E","005","VAN SCHAIK PUBL","9780627031281","00VS","375.00","375.00","560"
"9780627032691","MANAGING FOR HEALTHY LABOUR RELATIONS 3","005","VAN SCHAIK PUBL","9780627032691","00VS","495.00","495.00","286"
"9780627032776","PRINCIPLES + PRACTICE OF NURSING 2/E","005","VAN SCHAIK PUBL","9780627032776","00VS","575.00","575.00","83"
"9780627034756","READER ON SELECTED SOCIAL ISSUES 6","005","VAN SCHAIK PUBL","9780627034756","00VS","395.00","395.00","723"
"9780627034398","NURSE EDUCATOR'S GUIDE TO MANAGEMENT 3","005","VAN SCHAIK PUBL","9780627034398","00VS","485.00","485.00","281"
"9780627035067","21ST CENTURY PSYCHOLOGY FOR NURSES 2/e","005","VAN SCHAIK PUBL","9780627035067","00VS","395.00","395.00","982"
"9780627035951","MEDICAL TERMINOLOGY 3/E","005","VAN SCHAIK PUBL","9780627035951","00VS","475.00","475.00","107"
"9780868742359","VERLOSKUNDE:VERPLEEGKUNDIGES","005","VAN SCHAIK PUBL","9780868742359","00VS","49.95","49.95","0"
"9780868744162","GENERAL SURGERY","005","VAN SCHAIK PUBL","9780868744162","00VS","505.00","505.00","18"
"9780868744285","ZZ VERPLEEGDIENSSTAND IN PRIVAATHOSPITAL","005","VAN SCHAIK PUBL","9780868744285","00VS","6.00","6.00","0"
"9780868744674","ONDERSOEK VAN DIE PASGEBORE BABA","005","VAN SCHAIK PUBL","9780868744674","00VS","335.00","335.00","21"
"9780868744209","ZZ HISTEREKTOMIE - 'N NUWE LEWE","005","VAN SCHAIK PUBL","9780868744209","00VS","5.00","5.00","0"
"9780868744216","ZZ HYSTERECTOMY - A NEW LIFE","005","VAN SCHAIK PUBL","9780868744216","00VS","5.00","5.00","0"
"9780868743851","VERPLEEGSOSIOLOGIE","005","VAN SCHAIK PUBL","9780868743851","00VS","69.95","69.95","0"
"9780627024849","HOW TO SUCCEED MASTERS DOCTORAL STUDIES","005","VAN SCHAIK PUBL","9780627024849","00VS","485.00","485.00","341"
"9780627025891","HOW TO SUCCEED IN YOUR M & D 2","005","VAN SCHAIK PUBL","9780627025891","00VS","0.00","","0"
"9780627021657","EFFECTIVE RESEARCH IN THE HUMAN SCIENCES","005","VAN SCHAIK PUBL","9780627021657","00VS","179.95","179.95","0"
"9780627024740","PLAIN TALES FROM ROBBEN ISLAND","005","VAN SCHAIK PUBL","9780627024741","00VS","109.95","109.95","0"
"9780627015427","HOW TO ANALYSE THE BIBLE","005","VAN SCHAIK PUBL","9780627015427","00VS","99.95","99.95","0"
"9780627015489","ABC OF BIBLICAL EXEGESIS","005","VAN SCHAIK PUBL","9780627015489","00VS","84.95","84.95","0"
"9780627017674","NAZARETH OR EGYPT: WHO WAS RIGHT?","005","VAN SCHAIK PUBL","9780627017674","00VS","115.95","115.95","0"
"9780627017780","PLUTOCRATS AND PAUPERS","005","VAN SCHAIK PUBL","9780627017781","00VS","109.95","109.95","0"
"9780627015045","JESUS DEUR ANDER OE","005","VAN SCHAIK PUBL","9780627015045","00VS","119.95","119.95","0"
"9780627021466","INITIATION TO THEOLOGY","005","VAN SCHAIK PUBL","9780627021466","00VS","475.00","475.00","-2"
"9780627021985","WONDER OF CREATION, THE","005","VAN SCHAIK PUBL","9780627021985","00VS","115.95","115.95","0"
"9780627022968","WORK OF HOLY SPIRIT IN LIFE OF BELIEVERS","005","VAN SCHAIK PUBL","9780627022968","00VS","115.95","115.95","0"
"9780627022975","FROM SIN TO SALVATION","005","VAN SCHAIK PUBL","9780627022975","00VS","115.95","115.95","0"
"9780627023415","UNDERSTANDING THE GREATEST OF TRUTHS","005","VAN SCHAIK PUBL","9780627023415","00VS","115.95","115.95","0"
"9780627023491","WONDERFUL CHRIST & THE MEANING OF HUMAN","005","VAN SCHAIK PUBL","9780627023491","00VS","115.95","115.95","0"
"9780627023514","QUMRAN IN & OM DIE BYBEL","005","VAN SCHAIK PUBL","9780627023514","00VS","144.95","144.95","0"
"9780627023521","QUMRAN IN & AROUND THE BIBLE","005","VAN SCHAIK PUBL","9780627023521","00VS","144.95","144.95","0"
"9780627023583","QUESTIONS ABOUT LIFE & MORALITY","005","VAN SCHAIK PUBL","9780627023583","00VS","385.00","385.00","58"
"9780627029530","LIFE SKILLS MY JOURNEY MY DESTINY 2/E","005","VAN SCHAIK PUBL","9780627029530","00VS","385.00","385.00","489"
"9780627031298","ASSIGNMENT WRITING (ENGLISH) 1","005","VAN SCHAIK PUBL","9780627031298","00VS","130.00","130.00","155"
"9780627021794","SIELKUNDIGE METING: 'n inleiding 2","005","VAN SCHAIK PUBL","9780627021794","00VS","109.95","109.95","0"
"9780627022234","DESCRIPTIVE STATISTICS","005","VAN SCHAIK PUBL","9780627022234","00VS","220.00","220.00","2"
"9780627025679","PSYCHOSOCIAL APPROACHES TO HEALTH ...","005","VAN SCHAIK PUBL","9780627025679","00VS","359.95","359.95","0"
"9780627026737","SEXUAL ABUSE","005","VAN SCHAIK PUBL","9780627026737","00VS","425.00","425.00","-21"
"9780627027505","HEALTH, ILLNESS AND DISABILITY","005","VAN SCHAIK PUBL","9780627027505","00VS","540.00","540.00","55"
"9780627029523","COMMUNITY PSYCHOLOGY 2","005","VAN SCHAIK PUBL","9780627029523","00VS","500.00","500.00","174"
"9780627021633","UNDERSTANDING SOCIAL RESEARCH","005","VAN SCHAIK PUBL","9780627021633","00VS","495.00","495.00","16"
"9780627021640","DOELTREF GEESTESWETENSKAPLIKE NAVORSING","005","VAN SCHAIK PUBL","9780627021641","00VS","199.95","199.95","0"
"9780627026065","SOCIAL WORK IN TIMES OF NEOLIBERALISM","005","VAN SCHAIK PUBL","9780627026065","00VS","325.00","325.00","0"
"9780627027307","COMMUNITY-DRIVEN PROJECTS","005","VAN SCHAIK PUBL","9780627027307","00VS","305.00","305.00","6"
"9780627027727","RESEARCH AT GRASS ROOTS 4","005","VAN SCHAIK PUBL","9780627027727","00VS","535.00","535.00","418"
"9780627029547","SPORTS IN SOCIETY","005","VAN SCHAIK PUBL","9780627029547","00VS","359.00","359.00","79"
"9780627030208","VICTIMOLOGY IN SOUTH AFRICA 2","005","VAN SCHAIK PUBL","9780627030208","00VS","475.00","475.00","-239"
"9780627030697","CHILD & YOUTH MISBEHAVIOUR IN SA 3 (UNISA EDITION)","005","VAN SCHAIK PUBL","9780627030697","00VS","425.00","425.00","147"
"9780627025389","INTELLECTUAL TOOLS","005","VAN SCHAIK PUBL","9780627025389","00VS","380.00","380.00","10"
"9780627031359","TOWARDS FLOURISHING 1/E","005","VAN SCHAIK PUBL","9780627031359","00VS","430.00","430.00","-58"
"9780627032707","PRINCIPLES AND PRACTICE OF PSYCHOLOGICAL ASSESSMENT 2/e","005","VAN SCHAIK PUBL","9780627032707","00VS","520.00","520.00","71"
"9780627033872","CAREER PSYCHOLOGY 3","005","VAN SCHAIK PUBL","9780627033872","00VS","395.00","395.00","109"
"9780627034107","TALK THERAPY TOOLKIT","005","VAN SCHAIK PUBL","9780627034107","00VS","605.00","605.00","-170"
"9780627035777","GRAD 2","005","VAN SCHAIK PUBL","9780627035777","00VS","0.00","","1616"
"9780627036057","CHILD AND YOUTH MISBEHAVIOUR 4","005","VAN SCHAIK PUBL","9780627036057","00VS","445.00","445.00","573"
"9780627029288","(EPDF) FINDING YOUR WAY IN ACADEMIC WRITING 2","005","VAN SCHAIK PUBL","9780627029288","00VS","319.50","319.50","0"
"9780799411898","GEOGRAPHY TEACHING IN SOUTHERN AFRICA","005","VAN SCHAIK PUBL","9780799411898","00VS","370.00","370.00","181"
"9780627023880","AFRICAN TEACHERS' STRUGGLE","005","VAN SCHAIK PUBL","9780627023881","00VS","164.95","164.95","0"
"9780627024825","EDUCATION LAW","005","VAN SCHAIK PUBL","9780627024825","00VS","244.95","244.95","0"
"9780627032912","NAVORSING: 'N GIDS VIR DIE BEGINNER NAVORSER","005","VAN SCHAIK PUBL","9780627032912","00VS","345.00","345.00","30"
"9780627026881","FIRST STEPS IN RESEARCH","005","VAN SCHAIK PUBL","9780627026881","00VS","349.00","349.00","514"
"9780627031939","GENERAL SUBJECT DIDACTICS","005","VAN SCHAIK PUBL","9780627031939","00VS","290.00","290.00","-6"
"9780627032943","SPEECH-LANGUAGE THERAPY IN A SCHOOL CONTEXT 1/e","005","VAN SCHAIK PUBL","9780627032943","00VS","465.00","465.00","219"
"9780627026461","PRAKTIESE WENKE VIR LEERDERDISSIPLINE","005","VAN SCHAIK PUBL","9780627026461","00VS","260.00","260.00","9"
"9780627025013","PROMOTING LEARNER DEVELOPMENT","005","VAN SCHAIK PUBL","9780627025013","00VS","425.00","425.00","15"
"9780627017223","CHILDREN WITH PROBLEMS","005","VAN SCHAIK PUBL","9780627017223","00VS","595.00","595.00","35"
"9780627025884","ADDRESSING BARRIERS TO LEARNING","005","VAN SCHAIK PUBL","9780627025884","00VS","349.95","349.95","0"
"9780627026843","SHAPING THE STORY","005","VAN SCHAIK PUBL","9780627026843","00VS","495.00","495.00","6"
"9780627023330","SOSIOPEDAGOGIEK 2000","005","VAN SCHAIK PUBL","9780627023330","00VS","520.00","520.00","236"
"9780627025839","FINDING YOUR WAY IN ACADEMIC WRITING  2","005","VAN SCHAIK PUBL","9780627025839","00VS","355.00","355.00","372"
"9780627019203","TEACHERS' HANDBOOK FOR EDUCATION","005","VAN SCHAIK PUBL","9780627019203","00VS","10.00","10.00","0"
"9780627019449","SEXUALITY EDUCATION","005","VAN SCHAIK PUBL","9780627019449","00VS","69.95","69.95","2"
"9780627021664","PERSPECTIVES ON LEARNING DIFFICULTIES","005","VAN SCHAIK PUBL","9780627021664","00VS","495.00","495.00","0"
"9780627022876","CLASSROOM MANAGEMENT","005","VAN SCHAIK PUBL","9780627022876","00VS","360.00","360.00","44"
"9780627023408","SOCIOPEDAGOGICS 2000","005","VAN SCHAIK PUBL","9780627023408","00VS","520.00","520.00","8"
"9780627024214","INCLUSIVE EDUCATION IN ACTION IN S A","005","VAN SCHAIK PUBL","9780627024214","00VS","375.00","375.00","124"
"9780627024269","JLVS EDUCATIONAL LAW CD","005","VAN SCHAIK PUBL","9780627024269","00VS","199.95","199.95","0"
"9780627025204","SCHOOLS AS ORGANISATIONS 2","005","VAN SCHAIK PUBL","9780627025204","00VS","249.95","249.95","0"
"9780627025211","ASPECTS OF EDUCATION LAW 3","005","VAN SCHAIK PUBL","9780627025211","00VS","269.95","269.95","0"
"9780627025303","EDUCATOR'S GUIDE TO SCHOOL MANAGEMENT","005","VAN SCHAIK PUBL","9780627025303","00VS","385.00","385.00","1"
"9780627025327","LIFE SKILLS AND ASSETS","005","VAN SCHAIK PUBL","9780627025327","00VS","149.95","149.95","0"
"9780627025457","FINDING YOUR WAY IN QUALITATIVE RESEARCH","005","VAN SCHAIK PUBL","9780627025457","00VS","385.00","385.00","25"
"9780627025471","TEACHING AND LEARNING IN HIGHER EDUCATIO","005","VAN SCHAIK PUBL","9780627025471","00VS","445.00","445.00","124"
"9780627025501","ENVIRONMENTAL EDUCATION","005","VAN SCHAIK PUBL","9780627025501","00VS","269.00","269.00","0"
"9780627025570","COMPLETING YOUR THESIS","005","VAN SCHAIK PUBL","9780627025570","00VS","370.00","370.00","51"
"9780627025662","LABOUR RELATIONS IN EDUCATION","005","VAN SCHAIK PUBL","9780627025662","00VS","219.95","219.95","0"
"9780627025747","PROJECT MANAGEMENT IN EDUCATION","005","VAN SCHAIK PUBL","9780627025747","00VS","375.00","375.00","29"
"9780627025754","EFFECTIVE SCHOOL MARKETING","005","VAN SCHAIK PUBL","9780627025754","00VS","330.00","330.00","-1"
"9780627025808","INLEIDING TOT DIE ONDERWYSREG","005","VAN SCHAIK PUBL","9780627025808","00VS","179.95","179.95","0"
"9780627025860","ADULT LEARNING   2","005","VAN SCHAIK PUBL","9780627025860","00VS","285.00","285.00","74"
"9780627026027","EDUCATOR AS MEDIATOR OF LEARNING, THE","005","VAN SCHAIK PUBL","9780627026027","00VS","305.00","305.00","750"
"9780627026140","SCHOOL AS A LEARNING ORGANISATION   2","005","VAN SCHAIK PUBL","9780627026140","00VS","290.00","290.00","16"
"9780627026164","STUDY POWER","005","VAN SCHAIK PUBL","9780627026164","00VS","315.00","315.00","17"
"9780627026232","SUPERVISION OF COUNSELLORS IN SA, The","005","VAN SCHAIK PUBL","9780627026232","00VS","485.00","485.00","20"
"9780627026256","EQUAL EDUCATIONAL OPPORTUNITIES","005","VAN SCHAIK PUBL","9780627026256","00VS","485.00","485.00","11"
"9780627026263","MULTICULTURAL EDUCATION","005","VAN SCHAIK PUBL","9780627026263","00VS","199.95","199.95","0"
"9780627026270","LIFE SKILLS & ASSETS 2","005","VAN SCHAIK PUBL","9780627026270","00VS","300.00","300.00","3"
"9780627026287","ASPECTS OF EDUCATION LAW 4","005","VAN SCHAIK PUBL","9780627026287","00VS","375.00","375.00","73"
"9780627026522","KINDERS MET PROBLEME - VERKORTE UITGAWE","005","VAN SCHAIK PUBL","9780627026522","00VS","299.95","299.95","0"
"9780627026560","TEACHING AND LEARNING IN SA SCHOOLS","005","VAN SCHAIK PUBL","9780627026560","00VS","370.00","370.00","111"
"9780627026614","UNDERSTANDING TECHNOLOGY EDUCATION PILOT","005","VAN SCHAIK PUBL","9789780627027","00VS","505.00","505.00","9"
"9780627026638","HUMAN RESOURCE MANAGEMENT IN EDUCATION","005","VAN SCHAIK PUBL","9780627026638","00VS","325.00","325.00","16"
"9780627026683","GROWING HUMAN RIGHTS AND VALUES IN ED","005","VAN SCHAIK PUBL","9780627026683","00VS","465.00","465.00","6"
"9780627026751","COMPARATIVE EDUCATION","005","VAN SCHAIK PUBL","9780627026751","00VS","520.00","520.00","56"
"9780627026782","EDUCATION MANAGEMENT IN ECD 1","005","VAN SCHAIK PUBL","9780627026782","00VS","334.95","334.95","0"
"9780627026805","GELETTERDHEID IN DIE GRONDSLAGFASE","005","VAN SCHAIK PUBL","9780627026805","00VS","355.00","355.00","0"
"9780627027376","EDUCATOR AS ASSESSOR, THE 1/E","005","VAN SCHAIK PUBL","9780627027376","00VS","225.00","225.00","0"
"9780627027390","EDUCATOR AS LEARNING PROGRAMME DEVELOPER","005","VAN SCHAIK PUBL","9780627027390","00VS","209.00","209.00","0"
"9780627027482","OUTCOMES-BASED ASSESSMENT FOR SA TEACHER","005","VAN SCHAIK PUBL","9780627027482","00VS","370.00","370.00","-1"
"9780627027574","LITERACY IN THE FOUNDATION PHASE","005","VAN SCHAIK PUBL","9780627027574","00VS","355.00","355.00","0"
"9780627027611","HUMAN SEARCH FOR MEANING, THE 2","005","VAN SCHAIK PUBL","9780627027611","00VS","440.00","440.00","733"
"9780627027673","LABOUR RELATIONS IN EDUCATION 2","005","VAN SCHAIK PUBL","9780627027673","00VS","385.00","385.00","24"
"9780627027734","LEARN 2 TEACH  4th edition","005","VAN SCHAIK PUBL","9780627027734","00VS","475.00","475.00","176"
"9780627027895","YOUR GUIDE TO CASE STUDY RESEARCH","005","VAN SCHAIK PUBL","9780627027895","00VS","275.00","275.00","23"
"9780627027963","BELIEVE THAT ALL CAN ACHIEVE","005","VAN SCHAIK PUBL","9780627027963","00VS","409.00","409.00","30"
"9780627027970","HISTORY OF SCHOOLING IN SOUTH AFRICA, A","005","VAN SCHAIK PUBL","9780627027970","00VS","335.00","335.00","1203"
"9780627028038","PRACTICAL GUIDE TO DISCIPLINE IN SCHOOLS","005","VAN SCHAIK PUBL","9780627028038","00VS","260.00","260.00","4"
"9780627028229","ADDRESSING BARRIERS TO LEARNING 2","005","VAN SCHAIK PUBL","9780627028229","00VS","429.00","429.00","102"
"9780627028250","SCHOOL LEADERSHIP IN A CHANGING CONTEXT","005","VAN SCHAIK PUBL","9780627028250","00VS","330.00","330.00","16"
"9780627029509","MULTICULTURAL EDUCATION 2","005","VAN SCHAIK PUBL","9780627029509","00VS","285.00","285.00","438"
"9780627029516","PARTNERING FOR RESILIENCE","005","VAN SCHAIK PUBL","9780627029516","00VS","260.00","260.00","68"
"9780627030161","ENVIRONMENTAL EDUCATION 2","005","VAN SCHAIK PUBL","9780627030161","00VS","375.00","375.00","1145"
"9780627030598","SCHOOLS AS ORGANISATIONS 4","005","VAN SCHAIK PUBL","9780627030598","00VS","495.00","495.00","104"
"9780627030604","LEARNER SUPPORT IN A DIVERSE CLASSROOM 1","005","VAN SCHAIK PUBL","9780627030604","00VS","429.00","429.00","0"
"9780627030611","FINANCIAL MANAGEMENT IN EDUCATION 1","005","VAN SCHAIK PUBL","9780627030611","00VS","405.00","405.00","-4"
"9780627030727","EFFECTIVE MANAGEMENT OF A SCHOOL, THE 1/E","005","VAN SCHAIK PUBL","9780627030727","00VS","360.00","360.00","89"
"9780627030987","FUNDAMENTALS OF HUMAN RIGHTS AND DEMOCRACY IN EDUCATION","005","VAN SCHAIK PUBL","9780627030987","00VS","460.00","460.00","53"
"9780627030994","CREATING SAFE AND EFFECTIVE CLASSROOMS","005","VAN SCHAIK PUBL","9780627030994","00VS","340.00","340.00","323"
"9780627031151","EDUCATOR AS ASSESSOR, THE 2/E","005","VAN SCHAIK PUBL","9780627031151","00VS","290.00","290.00","1191"
"9780627031175","UNDERSTANDING RESEARCH 1/e","005","VAN SCHAIK PUBL","9780627031175","00VS","295.00","295.00","650"
"9780627031182","TEACHING PRACTICE PERSPECTIVES AND FRAMEWORKS","005","VAN SCHAIK PUBL","9780627031182","00VS","305.00","305.00","60"
"9780627031212","SCHOOLS AS THINKING COMMUNITIES","005","VAN SCHAIK PUBL","9780627031212","00VS","390.00","390.00","269"
"9780627031267","EDUCATOR'S GUIDE TO EFFECTIVE CLASSROOM MANAGEMENT 2/E","005","VAN SCHAIK PUBL","9780627031267","00VS","435.00","435.00","2032"
"9780627031274","TEACHING FOUNDATION PHASE MATHEMATICS 1/E","005","VAN SCHAIK PUBL","9780627031274","00VS","445.00","445.00","349"
"9780627032769","ASPECTS OF EDUCATION LAW 4/revised","005","VAN SCHAIK PUBL","9780627032769","00VS","480.00","480.00","268"
"9780627035265","RESPONDING TO THE CHALLENGES OF INCLUSIVE EDUCATION 2","005","VAN SCHAIK PUBL","9780627035265","00VS","425.00","425.00","77"
"9780799415810","HUMAN SEARCH FOR MEANING THE","005","VAN SCHAIK PUBL","9780799415810","00VS","159.95","159.95","0"
"9780868171180","KLEIN KIND IN FOKUS, DIE","005","VAN SCHAIK PUBL","9780868171181","00VS","129.95","129.95","0"
"9781869156404","CLASSROOM LITERACIES","005","VAN SCHAIK PUBL","9781869156404","00VS","295.00","295.00","15"
"9780627032790","KURRIKULUMSTUDIES 1/E","005","VAN SCHAIK PUBL","9780627032790","00VS","265.00","265.00","181"
"9780627032806","ASSESSERING IN OPVOEDKUNDE 1/E","005","VAN SCHAIK PUBL","9780627032806","00VS","290.00","290.00","61"
"9780627032950","HOW TO SUPPORT SECOND ENGLISH LANGUAGE LEARNERS","005","VAN SCHAIK PUBL","9780627032950","00VS","220.00","220.00","148"
"9780627033032","WISKUNDE-ONDERRIG IN DIE GRONDSLAGFASE","005","VAN SCHAIK PUBL","9780627033032","00VS","445.00","445.00","55"
"9780627033063","COMMUNICATION, CULTURE AND THE MULTILINGUAL CLASSROOM 2/E","005","VAN SCHAIK PUBL","9780627033063","00VS","305.00","305.00","343"
"9780627033483","GUIDELINES FOR ASSESSMENT ADAPTATION 1","005","VAN SCHAIK PUBL","9780627033483","00VS","225.00","225.00","12"
"9780627033612","HELP! I'M A STUDENT TEACHER 2/e","005","VAN SCHAIK PUBL","9780627033612","00VS","340.00","340.00","454"
"9780627033636","GELETTERDHEID IN DIE GRONDSLAGFASE 2/REVISED ED","005","VAN SCHAIK PUBL","9780627033636","00VS","455.00","455.00","215"
"9780627033643","LITERACY IN THE FOUNDATION PHASE 2/REVISED ED","005","VAN SCHAIK PUBL","9780627033643","00VS","455.00","455.00","536"
"9780627033698","FIRST STEPS IN RESEARCH 2/E","005","VAN SCHAIK PUBL","9780627033698","00VS","425.00","425.00","222"
"9780627033711","YOUNG CHILD IN CONTEXT, THE 2","005","VAN SCHAIK PUBL","9780627033711","00VS","440.00","440.00","535"
"9780627033735","EDUCATOR'S GUIDE TO SCHOOL MANAGEMENT-LEADERSHIP SKILLS 2","005","VAN SCHAIK PUBL","9780627033735","00VS","480.00","480.00","386"
"9780627033759","ADDRESSING BARRIERS TO LEARNING 3","005","VAN SCHAIK PUBL","9780627033759","00VS","520.00","520.00","890"
"9780627033797","LAW OF EDUCATION IN SA, THE 3/e","005","VAN SCHAIK PUBL","9780627033797","00VS","415.00","415.00","258"
"9780627033896","TEACHING LIFE SKILLS IN THE FOUNDATION PHASE 1/E","005","VAN SCHAIK PUBL","","00VS","420.00","420.00","338"
"9780627033919","CREATIVE ARTS EDUCATION","005","VAN SCHAIK PUBL","9780627033919","00VS","355.00","355.00","884"
"9780627033964","CUSTOM PUBLICATION: THEORY OF EDUCATION","005","VAN SCHAIK PUBL","9780627033964","00VS","295.00","295.00","91"
"9780627034237","INLEIDING TOT DIE ONDERWYSREG 3/E","005","VAN SCHAIK PUBL","9780627034237","00VS","280.00","280.00","66"
"9780627034251","INTRODUCTION TO EDUCATION LAW 3/E","005","VAN SCHAIK PUBL","9780627034251","00VS","280.00","280.00","89"
"9780627034336","BELIEVE THAT ALL CAN ACHIEVE 2","005","VAN SCHAIK PUBL","9780627034336","00VS","440.00","440.00","-309"
"9780627034350","LEARNER SUPPORT IN A DIVERSE CLASSROOM 2/E","005","VAN SCHAIK PUBL","9780627034350","00VS","455.00","455.00","281"
"9780627034374","KONTEMPORERE AFRIKAANSE TAALKUNDE 2","005","VAN SCHAIK PUBL","9780627034374","00VS","530.00","530.00","106"
"9780627035005","PHILOSOPHY IN RESEARCH & EDUCATION 1/E","005","VAN SCHAIK PUBL","9780627035005","00VS","295.00","295.00","223"
"9780627035029","TEACHING AND LEARNING HISTORY AND GEOGRAPHY","005","VAN SCHAIK PUBL","9780627035029","00VS","555.00","555.00","590"
"9780627035043","MULTILITERACIES IN EDUCATION","005","VAN SCHAIK PUBL","9780627035043","00VS","0.00","","0"
"9780627035753","LIFE ORIENTATION FOR SOUTH AFRICAN TEACHERS 2","005","VAN SCHAIK PUBL","9780627035753","00VS","455.00","455.00","456"
"9780627035876","CURRICULUM STUDIES 3/E","005","VAN SCHAIK PUBL","9780627035876","00VS","280.00","280.00","899"
"9780627035920","LIFE ORIENTATION FOR SA TEACHERS 1 (CUSTOM EDITION)","005","VAN SCHAIK PUBL","9780627035920","00VS","265.00","265.00","0"
"9780627036248","TEACHING LIFE SKILLS IN THE INTERMEDIATE PHASE","005","VAN SCHAIK PUBL","9780627036248","00VS","435.00","435.00","751"
"9780627036439","INTRODUCING CHILDREN'S LITERATURE 1","005","VAN SCHAIK PUBL","9780627036439","00VS","355.00","355.00","245"
"9780868744599","ZZ KLASKAMERBESTUUR","005","VAN SCHAIK PUBL","9780868744599","00VS","10.00","10.00","0"
"9780868741161","TWO BASIC CONCEPTS IN EDUCAT","005","VAN SCHAIK PUBL","9780868741161","00VS","29.95","29.95","0"
"9780868743707","Beter lees en Skryf Fase 1","005","VAN SCHAIK PUBL","9780868743707","00VS","250.00","250.00","16"
"9780627034947","ASSESSMENT IN THE FOUNDATION PHASE 1/E","005","VAN SCHAIK PUBL","9780627034947","00VS","300.00","300.00","1223"
"9780627034985","MATHEMATICAL SKILLS FOR EDUCATORS 1/E","005","VAN SCHAIK PUBL","9780627034985","00VS","0.00","","-14"
"9780627035326","MANAGEMENT IN EARLY CHILDHOOD EDUCATION 3/E","005","VAN SCHAIK PUBL","9780627035326","00VS","480.00","480.00","179"
"9781869286071","EMOTIONAL INTELLIGENCE AND LEADERSHIP","005","VAN SCHAIK PUBL","9781869286071","00VS","195.00","195.00","0"
"9781919876566","NIC APPLIED ACCOUNTING","005","VAN SCHAIK PUBL","9781919876566","00VS","209.00","209.00","7"
"9781919876573","NSC APPLIED ACCOUNTING","005","VAN SCHAIK PUBL","9781919876573","00VS","209.00","209.00","0"
"9780627026966","MATHEMATICS FOR NQF2 (STU)","005","VAN SCHAIK PUBL","9780627026966","00VS","150.00","150.00","0"
"9780627026973","MATHEMATICS FOR NQF2 (LEC)","005","VAN SCHAIK PUBL","9780627026973","00VS","190.00","190.00","0"
"9780627029363","MATHEMATICS FOR NQF 2 - 2ND ED (STUDENT)","005","VAN SCHAIK PUBL","9780627029363","00VS","0.00","","0"
"9780627029370","MATHEMATICS FOR NQF 2 - 2ND ED (LECTURE)","005","VAN SCHAIK PUBL","9780627029370","00VS","0.00","","0"
"9780627026454","TURNING VISION INTO VALUE","005","VAN SCHAIK PUBL","9780627026454","00VS","485.00","485.00","306"
"9780627026911","APPLIED CREDIT MANAGEMENT","005","VAN SCHAIK PUBL","9780627026911","00VS","370.00","370.00","-2"
"9780627026928","SUPERVISION OF CREDIT MANAGEMENT","005","VAN SCHAIK PUBL","9780627026928","00VS","375.00","375.00","0"
"9780627027161","MANAGE YOUR MONEY 2","005","VAN SCHAIK PUBL","9780627027161","00VS","380.00","380.00","1"
"9780627031380","FINANCE FOR NON-FINANCIAL MANAGERS 3/E","005","VAN SCHAIK PUBL","9780627031380","00VS","405.00","405.00","1086"
"9780627033056","UNDERSTANDING SA FINANCIAL MARKETS 5","005","VAN SCHAIK PUBL","9780627033056","00VS","565.00","565.00","117"
"9780627034633","INVESTMENT MANAGEMENT 5","005","VAN SCHAIK PUBL","9780627034633","00VS","425.00","425.00","221"
"9780627025297","ABC OF FINANCIAL MANAGEMENT 2, THE","005","VAN SCHAIK PUBL","9780627025297","00VS","425.00","425.00","66"
"9780627034275","FUNDAMENTALS OF INSURANCE (PRINT)","005","VAN SCHAIK PUBL","9780627034275","00VS","565.00","565.00","116"
"9780627034695","BASIC PRINCIPLES OF FINANCIAL MANAGEMENT","005","VAN SCHAIK PUBL","9780627034695","00VS","390.00","390.00","622"
"9780627036033","OPERATIONAL RISK MANAGEMENT 2 REVISED","005","VAN SCHAIK PUBL","9780627036033","00VS","375.00","375.00","575"
"9781869284589","BASIC BUSINESS FINANCE","005","VAN SCHAIK PUBL","9781869286590","00VS","370.00","370.00","32"
"9781919876030","UNDERSTANDABLE FINANCIAL MANAGEMENT","005","VAN SCHAIK PUBL","9781919876030","00VS","380.00","380.00","0"
"9780627025969","PURCHASING AND SUPPLY MANAGEMENT 5","005","VAN SCHAIK PUBL","9780627025969","00VS","389.95","389.95","0"
"9780627026935","APPLIED PRINCIPLES OF MARKETING AND","005","VAN SCHAIK PUBL","9780627026935","00VS","340.00","340.00","139"
"9780627027833","PRODUCT MANAGEMENT 3","005","VAN SCHAIK PUBL","9780627027833","00VS","335.00","335.00","27"
"9780627027956","INTEGRATED MARKETING COMMUNICATION 3","005","VAN SCHAIK PUBL","9780627027956","00VS","480.00","480.00","231"
"9780627031113","SUPPLY CHAIN MANAGEMENT 2","005","VAN SCHAIK PUBL","9780627031113","00VS","530.00","530.00","-52"
"9780627031373","MARKETING IN SA - CASES AND CONCEPTS 4/E","005","VAN SCHAIK PUBL","9780627031373","00VS","415.00","415.00","143"
"9780627027703","QUANTITATIVE STATISTICAL TECHNIQUES 3","005","VAN SCHAIK PUBL","9780627027703","00VS","420.00","420.00","38"
"9780627027710","KWANTITATIEWE STATISTIESE TEGNIEKE 3","005","VAN SCHAIK PUBL","9780627027710","00VS","420.00","420.00","22"
"9780627025730","SIMPLY SUCCESSFUL SELLING","005","VAN SCHAIK PUBL","9780627025730","00VS","425.00","425.00","14"
"9780627019890","MODERN STATISTICS IN PRACTICE","005","VAN SCHAIK PUBL","9780627019890","00VS","675.00","675.00","5"
"9780627023484","MODERNE STATISTIEK VIR DIE PRAKTYK","005","VAN SCHAIK PUBL","9780627023484","00VS","675.00","675.00","0"
"9780627025426","STATISTICAL TABLES / STATISTIESE TABELLE","005","VAN SCHAIK PUBL","9780627025426","00VS","165.00","165.00","0"
"9780627025433","SOUTH AFRICAN TRAVEL AND TOURISM CASES","005","VAN SCHAIK PUBL","9780627025433","00VS","490.00","490.00","1"
"9780627025877","MANAGING TOURISM SERVICES  3","005","VAN SCHAIK PUBL","9780627025877","00VS","560.00","560.00","28"
"9780627033247","E-COMMERCE 2","005","VAN SCHAIK PUBL","9780627033247","00VS","530.00","530.00","378"
"9780627033285","CONTEMPORARY CASES IN SA MARKETING 3/E","005","VAN SCHAIK PUBL","9780627033285","00VS","325.00","325.00","212"
"9780627033308","FUNDAMENTAL PRINCIPLES OF SUPPLY CHAIN MANAGEMENT","005","VAN SCHAIK PUBL","9780627033308","00VS","340.00","340.00","190"
"9780627034190","INTRODUCTION TO TOURISM MANAGEMENT & HOSPITALITY","005","VAN SCHAIK PUBL","9780627034190","00VS","425.00","425.00","56"
"9780627034213","STRATEGIC LOGISTICS MANAGEMENT 2/E","005","VAN SCHAIK PUBL","9780627034213","00VS","475.00","475.00","128"
"9780627034732","DIRECTIONAL STRATEGIC MARKETING 1","005","VAN SCHAIK PUBL","9780627034732","00VS","445.00","445.00","352"
"9780627035470","PURCHASING AND SUPPLY MANAGEMENT 7/E","005","VAN SCHAIK PUBL","9780627035470","00VS","530.00","530.00","187"
"9780627035975","CONTRACT MANAGEMENT 2/E","005","VAN SCHAIK PUBL","9780627035975","00VS","255.00","255.00","25"
"9780627035999","INTRODUCTION TO MARKETING 1","005","VAN SCHAIK PUBL","9780627035999","00VS","505.00","505.00","596"
"9780627036316","INTRODUCTION TO TOURISM PLANNING AND MANAGEMENT","005","VAN SCHAIK PUBL","9780627036316","00VS","459.00","459.00","-1"
"9780868740126","STAT TABELLE-PIENK (2 TALIG)","005","VAN SCHAIK PUBL","9780868740126","00VS","39.95","39.95","0"
"9781869280079","GUIDE TO PASSING MARKETING, A","005","VAN SCHAIK PUBL","9781869280079","00VS","210.00","210.00","0"
"9781869283704","GUIDE TO PASSING OPERATIONS, A","005","VAN SCHAIK PUBL","9781869283704","00VS","210.00","210.00","0"
"9781869283834","8 R'S OF DIRECT SELLING, THE","005","VAN SCHAIK PUBL","9781869283834","00VS","340.00","340.00","0"
"9781869284596","FUNDAMENTALS OF SALES AND MARKETING","005","VAN SCHAIK PUBL","9781869284596","00VS","350.00","350.00","6"
"9781869285678","DISTRIBUTION MANAGEMENT","005","VAN SCHAIK PUBL","9781869285678","00VS","415.00","415.00","-31"
"9781869285708","PRICING MANAGEMENT","005","VAN SCHAIK PUBL","9781869285708","00VS","310.00","310.00","-1"
"9781869286064","CUSTOMER SERVICES MANAGEMENT","005","VAN SCHAIK PUBL","9781869286064","00VS","365.00","365.00","10"
"9781869286101","INTRO TO SALES & MARKETING STRATEGY","005","VAN SCHAIK PUBL","9781869286101","00VS","220.00","220.00","0"
"9781869285692","MARKETING RESEARCH","005","VAN SCHAIK PUBL","9781869285692","00VS","370.00","370.00","12"
"9780627024191","STUDENT'S GUIDE TO VALUATIONS","005","VAN SCHAIK PUBL","9780627024191","00VS","199.00","199.00","0"
"9780627026331","PERFORMANCE AUDITING","005","VAN SCHAIK PUBL","9780627026331","00VS","229.95","229.95","0"
"9780627026577","MUNICIPAL FINANCE AND ACCOUNTING","005","VAN SCHAIK PUBL","9780627026577","00VS","639.95","639.95","0"
"9780627027239","COST AND MANAGEMENT ACCOUNTING 2","005","VAN SCHAIK PUBL","9780627027239","00VS","409.00","409.00","93"
"9780627028120","PERFORMANCE AUDITING 2","005","VAN SCHAIK PUBL","9780627028120","00VS","355.00","355.00","36"
"9780627031243","COST AND MANAGEMENT ACCOUNTING 3/E","005","VAN SCHAIK PUBL","9780627031243","00VS","435.00","435.00","1958"
"9780627013843","DOCTOR, PATIENT AND THE LAW","005","VAN SCHAIK PUBL","9780627013843","00VS","55.86","55.86","0"
"9780627035821","PERFORMANCE INFORMATION FOR MANAGERS 2","005","VAN SCHAIK PUBL","9780627035821","00VS","265.00","265.00","33"
"9780627036262","BASIC ACCOUNTING FOR NON-ACCOUNTANTS 3/E","005","VAN SCHAIK PUBL","9780627036262","00VS","350.00","350.00","762"
"9781869280109","PRACTICAL ACCOUNTING","005","VAN SCHAIK PUBL","9781869280109","00VS","209.00","209.00","0"
"9781869283360","BOOKKEEPING & MONEY MANAGEMENT PRACTICES","005","VAN SCHAIK PUBL","9781869283360","00VS","259.00","259.00","331"
"9781869285753","BASIC BOOKKEEPING PACK","005","VAN SCHAIK PUBL","9781869285753","00VS","495.00","495.00","293"
"000VS00001","CYBERLAW @ SA","005","VAN SCHAIK PUBL","9780000000101","00VS","439.95","439.95","0"
"9780627013478","ALGEMENE PLANTKUNDE","005","VAN SCHAIK PUBL","9780627013478","00VS","530.00","530.00","16"
"9780627019746","PHYSICS PROBLEMS","005","VAN SCHAIK PUBL","9780627019746","00VS","10.00","10.00","0"
"9780627018213","BOERDERYBESTUUR  Finansile beplanning","005","VAN SCHAIK PUBL","9780627018213","00VS","425.00","425.00","13"
"9780627018244","Farm Management - Financial Planning","005","VAN SCHAIK PUBL","9780627018244","00VS","425.00","425.00","272"
"9780627019173","BOERDERYBESTUUR Finansiering investering","005","VAN SCHAIK PUBL","9780627019173","00VS","500.00","500.00","11"
"9780627020100","Farm Management - Financing, Investment","005","VAN SCHAIK PUBL","9780627020101","00VS","500.00","500.00","777"
"9780627022487","ANIMAL NUTRITION","005","VAN SCHAIK PUBL","9780627022487","00VS","530.00","530.00","4"
"9780627025310","WILDPLAASBESTUUR 4/e","005","VAN SCHAIK PUBL","9780627025310","00VS","1060.00","1060.00","101"
"9780627025495","INTENSIVE WILDLIFE PRODUCTION IN SA","005","VAN SCHAIK PUBL","9780627025495","00VS","785.00","785.00","12"
"9780627026119","CAPTURE, CARE AND MANAGEMENT OF WILDLIFE","005","VAN SCHAIK PUBL","9780627026119","00VS","645.00","645.00","-3"
"9780627026478","BASIC AND APPLIED MICROBIOLOGY","005","VAN SCHAIK PUBL","9780627026478","00VS","645.00","645.00","4"
"9780627027000","BIOTECHNOLOGY AND HEALTH","005","VAN SCHAIK PUBL","9780627027000","00VS","505.00","505.00","3"
"9780627026799","ENVIRONMENTAL IMPACT ASSESSMENT","005","VAN SCHAIK PUBL","9780627026799","00VS","370.00","370.00","84"
"9780627022821","STUDENT-FRIENDLY BASIC MATHEMATICS","005","VAN SCHAIK PUBL","7890627022829","00VS","250.00","250.00","10"
"9780627033469","GAME RANCH MANAGEMENT 6/E","005","VAN SCHAIK PUBL","9780627033469","00VS","1060.00","1060.00","31"
"9780627023248","MASS MEDIA TOWARDS THE MILLENNIUM","005","VAN SCHAIK PUBL","9780627023248","00VS","645.00","645.00","4"
"9780627025242","COMMUNICATING LEADER, THE","005","VAN SCHAIK PUBL","9780627025242","00VS","445.00","445.00","79"
"9780627025778","NEW MEDIA","005","VAN SCHAIK PUBL","9780627025778","00VS","490.00","490.00","10"
"9780627026188","CORPORATE COMMUNICATION 2","005","VAN SCHAIK PUBL","9780627026188","00VS","445.00","445.00","24"
"9780627026621","COMMUNICATING WITH A VISION","005","VAN SCHAIK PUBL","9780627026621","00VS","285.00","285.00","20"
"9780627027468","PRODUCING DOCUMENTARIES","005","VAN SCHAIK PUBL","9780627027468","00VS","380.00","380.00","91"
"9780627027550","COMMUNICATING @ WORK  2","005","VAN SCHAIK PUBL","9780627027550","00VS","379.00","379.00","0"
"9780627029974","NEW MEDIA IN THE INFORMATION SOCIETY","005","VAN SCHAIK PUBL","9780627029974","00VS","465.00","465.00","289"
"9780627030581","ESSENTIAL BUSINESS COMM 2","005","VAN SCHAIK PUBL","9780627030581","00VS","340.00","340.00","542"
"9780627031786","COMMUNICATING @ WORK 3","005","VAN SCHAIK PUBL","9780627031786","00VS","465.00","465.00","441"
"9781770048157","INTRODUCTORY COMMUNICATION (2006 EDITION","005","VAN SCHAIK PUBL","9781770048157","00VS","365.00","365.00","223"
"9781874940418","ADVANCED COMMUNICATION SKILLS","005","VAN SCHAIK PUBL","9781874940418","00VS","420.00","420.00","236"
"9781874940456","EFFECTIVE COMMUNICATION","005","VAN SCHAIK PUBL","9781874940456","00VS","270.00","270.00","3919"
"9780627023255","SEEING SENSE","005","VAN SCHAIK PUBL","9780627023255","00VS","189.95","189.95","0"
"9780627025983","SOUTH AFRICAN VISUAL CULTURE","005","VAN SCHAIK PUBL","9780627025983","00VS","449.00","449.00","-1"
"9780627027451","MOVIES MADE EASY 2","005","VAN SCHAIK PUBL","9780627027451","00VS","380.00","380.00","5"
"9780627032936","STRATEGIC INTEGRATED COMMUNICATION 1/E","005","VAN SCHAIK PUBL","9780627032936","00VS","455.00","455.00","524"
"9780627036019","MAKING SENSE OF RESEARCH 1/E","005","VAN SCHAIK PUBL","9780627036019","00VS","470.00","470.00","716"
"9781869280116","BUSINESS COMMUNICATION IN PERSPECTIVE","005","VAN SCHAIK PUBL","9781869280116","00VS","420.00","420.00","0"
"9780627026591","LAWS OF MOVIE-MAKING, THE","005","VAN SCHAIK PUBL","9780627026591","00VS","380.00","380.00","4"
"9780627026386","INFORMATION, ETHICS AND THE LAW","005","VAN SCHAIK PUBL","9780627026386","00VS","320.00","320.00","38"
"9780627027079","CREDIT LAW OF SOUTH AFRICA","005","VAN SCHAIK PUBL","9780627027079","00VS","360.00","360.00","14"
"9780627027536","HOW THE NEW CREDIT LAW AFFECTS YOU","005","VAN SCHAIK PUBL","9780627027536","00VS","75.00","75.00","3"
"9780627027628","LEGAL PLURALISM IN SOUTH AFRICA","005","VAN SCHAIK PUBL","9780627027628","00VS","425.00","425.00","16"
"9780627028076","CYBERLAW @ SA III","005","VAN SCHAIK PUBL","9780627028076","00VS","635.00","635.00","-26"
"9780627032745","CORPORATE LAW FOR COMMERCE STUDENTS 2","005","VAN SCHAIK PUBL","9780627032745","00VS","445.00","445.00","235"
"9781869280048","CORPORATE LAW AND CORPORATE GOVERNANCE","005","VAN SCHAIK PUBL","9781869280048","00VS","545.00","545.00","1"
"9781869283742","LAW & CONTEMPORARY SOUTH AFRICAN SOCIETY","005","VAN SCHAIK PUBL","9781869283742","00VS","540.00","540.00","3"
"9780627024344","BASIC GUIDE COMPUTER TERMS","005","VAN SCHAIK PUBL","9780627024344","00VS","190.00","190.00","1"
"9780627025761","INFORMATION TECHNOLOGY RESEARCH  2","005","VAN SCHAIK PUBL","9780627025761","00VS","174.95","174.95","0"
"9780627027581","INFORMATION TECHNOLOGY RESEARCH  3","005","VAN SCHAIK PUBL","9780627027581","00VS","375.00","375.00","529"
"9780627027086","UNDERSTANDING THE ECONOMY","005","VAN SCHAIK PUBL","9780627027086","00VS","300.00","300.00","29"
"9780627028069","ECONOMICS 4 & WORKBOOK BUNDLE","005","VAN SCHAIK PUBL","9780627028069","00VS","565.00","565.00","0"
"9780627028137","INTRODUCTION TO FINANCIAL DERIVATIVES","005","VAN SCHAIK PUBL","9780627028137","00VS","380.00","380.00","-49"
"9780627025280","PRINCIPLES OF MACROECONOMICS, THE  2","005","VAN SCHAIK PUBL","9780627025280","00VS","485.00","485.00","45"
"9780627025525","PRINCIPLES OF MICROECONOMICS, the 3","005","VAN SCHAIK PUBL","9780627025525","00VS","405.00","405.00","-2"
"9780627027055","ECONOMICS OF WATER, THE","005","VAN SCHAIK PUBL","9780627027055","00VS","375.00","375.00","6"
"9780627027208","SOUTH AFRICAN WORKBOOK FOR ECONOMICS","005","VAN SCHAIK PUBL","9780627027208","00VS","265.00","265.00","75"
"9780627027215","ISIGAMA SEZOQOQOSHO","005","VAN SCHAIK PUBL","9780627027215","00VS","190.00","190.00","27"
"9780627029424","UNDERSTANDING MACROECONOMICS","005","VAN SCHAIK PUBL","9780627029424","00VS","265.00","265.00","105"
"9781868886586","ECONOMIC INDICATORS 4/e","005","VAN SCHAIK PUBL","9781868886586","00VS","259.00","259.00","216"
"9780627033377","SOUTH AFRICAN LABOUR MARKET 5/REV ED (UNISA EDITION)","005","VAN SCHAIK PUBL","9780627033377","00VS","555.00","555.00","124"
"9780627033421","ECONOMICS FOR SOUTH AFRICAN STUDENTS 5/E","005","VAN SCHAIK PUBL","9780627033421","00VS","565.00","565.00","3925"
"9780627033445","EKONOMIE VIR SUID-AFRIKAANSE STUDENT 5/E","005","VAN SCHAIK PUBL","9780627033445","00VS","565.00","565.00","515"
"9780627034329","SOUTH AFRICAN WORKBOOK - CTI EDITION","005","VAN SCHAIK PUBL","9780627034329","00VS","175.00","175.00","-33"
"9780627034619","ECONOMIC INDICATORS 5/E","005","VAN SCHAIK PUBL","9780627034619","00VS","305.00","305.00","1108"
"9780627034770","BASIC MATHEMATICS FOR ECONOMICS STUDENTS","005","VAN SCHAIK PUBL","9780627034770","00VS","215.00","215.00","264"
"9780627036118","SOUTH AFRICAN LABOUR MARKET 6/E","005","VAN SCHAIK PUBL","9780627036118","00VS","555.00","555.00","712"
"9780627036156","UNDERSTANDING MICROECONOMICS 2","005","VAN SCHAIK PUBL","9780627036156","00VS","265.00","265.00","643"
"9780627036330","UNDERSTANDING MACROECONOMICS 2/E","005","VAN SCHAIK PUBL","9780627036330","00VS","265.00","265.00","1789"
"9780627037016","BASIC MATHEMATICS FOR ECONOMICS STUDENTS 2","005","VAN SCHAIK PUBL","9780627037016","00VS","0.00","","-35"
"9780627003691","RUIMTELIKE ORDENING","005","VAN SCHAIK PUBL","9780627003691","00VS","76.65","76.65","0"
"9780627016240","OWERHEIDSFINANSIES","005","VAN SCHAIK PUBL","9780627016241","00VS","146.65","146.65","0"
"9780627017919","BELEGGINGSBESLUIT, DIE","005","VAN SCHAIK PUBL","9780627017919","00VS","5.00","5.00","0"
"9780627016646","INVESTMENT DECISION","005","VAN SCHAIK PUBL","9780627016646","00VS","5.00","5.00","0"
"9780627018121","MANAGING TRANSITION","005","VAN SCHAIK PUBL","9780627018121","00VS","5.00","5.00","0"
"9780627019548","SUPERVISORY MANAGEMENT 2","005","VAN SCHAIK PUBL","9780627019548","00VS","84.95","84.95","0"
"9780627014239","NTSHUTHELELE","005","VAN SCHAIK PUBL","9780627014239","00VS","15.50","15.50","0"
"9780627013775","FINANSIELE BESTUUR","005","VAN SCHAIK PUBL","9780627013775","00VS","72.13","72.13","0"
"9780627014864","BASIESE MAKRO - EKONOMIE","005","VAN SCHAIK PUBL","9780627014864","00VS","33.63","33.63","0"
"9780627014871","BASIC MACRO-ECONOMICS","005","VAN SCHAIK PUBL","9780627014871","00VS","33.63","33.63","0"
"9780627016615","BASIESE MAKRO EKONOMIE","005","VAN SCHAIK PUBL","9780627016615","00VS","59.49","59.49","0"
"9780627014192","PARLIAMENTS OF SOUTH AFRICA","005","VAN SCHAIK PUBL","9780627014192","00VS","1.00","1.00","0"
"9780627011719","GOD EN SY RYK","005","VAN SCHAIK PUBL","9780627011719","00VS","39.95","39.95","0"
"9780627014284","NASARET OF EGIPTE WIE IS REG","005","VAN SCHAIK PUBL","9780627014284","00VS","31.35","31.35","0"
"9780627015465","ON CREATION AND RE-CREATION THEMES","005","VAN SCHAIK PUBL","9780627015465","00VS","40.75","40.75","0"
"9780627017728","PURPER EN FLENTERLAP","005","VAN SCHAIK PUBL","9780627017728","00VS","69.95","69.95","0"
"9780627015878","HANDBOOK OF ISIZULU","005","VAN SCHAIK PUBL","9780627015878","00VS","49.10","49.10","0"
"9780627001147","AFRICAN PUPILS AND TEACHING THEM","005","VAN SCHAIK PUBL","9780627001147","00VS","18.95","18.95","0"
"9780627016028","KORREKTE WOORD","005","VAN SCHAIK PUBL","9780627016028","00VS","7.00","7.00","0"
"9780627018619","ZZ LINGUISTICA FESTSCHRIFT","005","VAN SCHAIK PUBL","9780627018619","00VS","68.95","68.95","0"
"9780627021770","NUWE TWEETAAL BRIEWEBOEK","005","VAN SCHAIK PUBL","9780627021771","00VS","79.95","79.95","0"
"9780627015342","NASIONALE BOOMLYS-NAT LIST TREES","005","VAN SCHAIK PUBL","9780627015342","00VS","1.00","1.00","0"
"9780627003615","MIRUNZI YA VHUVHA","005","VAN SCHAIK PUBL","9780627003615","00VS","6.60","6.60","0"
"9780627004087","ZZ DIGTERS OP DIE TORING","005","VAN SCHAIK PUBL","9780627004087","00VS","2.00","2.00","0"
"9780627005275","GEDIGTE 1927 - 1940","005","VAN SCHAIK PUBL","9780627005275","00VS","24.95","24.95","0"
"9780627010323","MASA A SELE","005","VAN SCHAIK PUBL","9780627010323","00VS","14.95","14.95","0"
"9780627011115","IZAGILA ZEPHISI","005","VAN SCHAIK PUBL","9780627011115","00VS","5.80","5.80","0"
"9780627015120","NNA KE DI BONA JALO","005","VAN SCHAIK PUBL","9780627015121","00VS","39.95","39.95","0"
"9780627003318","GIJSBRECHT VAN AEMSTEL VONDELREEK 5","005","VAN SCHAIK PUBL","9780627003318","00VS","5.00","5.00","0"
"9780627005022","ZZ EEN ZWERVER VERLIEFD","005","VAN SCHAIK PUBL","9780627005022","00VS","2.00","2.00","0"
"9780627009846","S A PUBLIC ADMIN SELECT READINGS","005","VAN SCHAIK PUBL","9780627009846","00VS","44.95","44.95","0"
"9780627012938","MUNISIPALE REGERING EN ADMIN IN S A","005","VAN SCHAIK PUBL","9780627012938","00VS","39.95","39.95","0"
"9780627014680","ADMINISTRATION OF HEALTH SERVICES 4","005","VAN SCHAIK PUBL","9780627014681","00VS","11.35","11.35","0"
"9780627015823","INL TOT PUBLIEKE ADMINISRASIE","005","VAN SCHAIK PUBL","9780627015823","00VS","30.11","30.11","0"
"9780627016387","SENTRALE REGIONALE PLAASLIKE OWERHEIDS","005","VAN SCHAIK PUBL","9780627016387","00VS","67.95","67.95","0"
"9780627016714","S A LOCAL GOVERNMENT & ADMINISTRATION","005","VAN SCHAIK PUBL","9780627016714","00VS","51.75","51.75","0"
"9780627017025","PERSONNEL ADMINISTRATION","005","VAN SCHAIK PUBL","9780627017025","00VS","66.70","66.70","0"
"9780627016660","CONSOLIDATIONS ELEMENTARY QUESTIONS","005","VAN SCHAIK PUBL","9780627016661","00VS","69.95","69.95","0"
"9780627018107","TEMAS IN DIE PSIGOPEDAGOGIEK","005","VAN SCHAIK PUBL","9780627018107","00VS","5.00","5.00","0"
"9780627016462","ZZ KOMMUNIKASIE IN DIE KLASKAMER","005","VAN SCHAIK PUBL","9780627016462","00VS","5.00","5.00","0"
"9780627020155","SOSIALISERING VAN DIE KLEIN KIND, DIE","005","VAN SCHAIK PUBL","9780627020155","00VS","89.95","89.95","0"
"9780627020315","SOCIALIZATION OF THE YOUNG CHILD","005","VAN SCHAIK PUBL","9780627020315","00VS","89.95","89.95","0"
"9780627013225","SWERWER","005","VAN SCHAIK PUBL","9780627013225","00VS","23.95","23.95","0"
"9780868743530","SOUTH AFRICA INDUSTRIAL RELATIONS","005","VAN SCHAIK PUBL","9780868743531","00VS","50.78","50.78","0"
"9780868740898","VYFHONDERD JAAR S A GESK","005","VAN SCHAIK PUBL","9780868740898","00VS","90.50","90.50","0"
"9780868743844","HISTORY OF SOUTH AFRICA TO 1854","005","VAN SCHAIK PUBL","9780868743844","00VS","69.00","69.00","0"
"9780868743981","ZZ TUBERCULOSIS & ERRATA","005","VAN SCHAIK PUBL","9780868743981","00VS","5.00","5.00","0"
"9780868743509","WAARDASIES: INL V STUDENTE & BYVOEG","005","VAN SCHAIK PUBL","9780868743509","00VS","25.91","25.91","0"
"9780868743912","STUDENT'S GUIDE VALUATIONS & SUPPL","005","VAN SCHAIK PUBL","9780868743912","00VS","26.95","26.95","0"
"9780868744605","STUDENT'S GUIDE TO VALUATIONS","005","VAN SCHAIK PUBL","9780868744605","00VS","49.95","49.95","0"
"9780868744643","WAARDASIES:'N HANDLEIDING VIR STUDENTE","005","VAN SCHAIK PUBL","9780868744643","00VS","44.90","44.90","0"
"9780868742519","SIELKUNDIGE METING: 'n inleiding","005","VAN SCHAIK PUBL","9780868742519","00VS","43.50","43.50","0"
"9780868744421","ZZ INTERPRETASIE VAN KINDERTEKENINGE","005","VAN SCHAIK PUBL","9780868744421","00VS","3.00","3.00","0"
"9780868742212","SINTAKSIS","005","VAN SCHAIK PUBL","9780868742212","00VS","1.00","1.00","0"
"9780868741598","ONDERWYSREG VIR D ONDERWYSER","005","VAN SCHAIK PUBL","9780868741598","00VS","14.77","14.77","0"
"9780868742601","ONDERWYSREG VIR D ONDERWY0868742600","005","VAN SCHAIK PUBL","9780868742601","00VS","2.00","2.00","0"
"9780868743967","TEACHERS' HANDBOOK FOR EDUCATION","005","VAN SCHAIK PUBL","9780868743967","00VS","2.00","2.00","0"
"9780868744193","RESPONSIBLE TEENAGE SEXUALITY 1","005","VAN SCHAIK PUBL","9780868744193","00VS","69.95","69.95","0"
"9780868744735","ZZ EDUCATION FOR PRIMARY SCHOOL TEACHERS","005","VAN SCHAIK PUBL","9780868744735","00VS","10.00","10.00","0"
"9780868742854","ZZ REGSLATYN - KERNKURSUS","005","VAN SCHAIK PUBL","9780868742854","00VS","5.95","5.95","0"
"9780868743646","LEGAL LATIN","005","VAN SCHAIK PUBL","9780868743646","00VS","44.00","44.00","0"
"9780868744292","MEDIESE ETIEK","005","VAN SCHAIK PUBL","9780868744292","00VS","1.00","1.00","0"
"9780949964236","FIVE HUNDRED YEARS","005","VAN SCHAIK PUBL","9780949964236","00VS","34.15","34.15","0"
"9780868744551","WERKBOEK BY KINDERCHIRURGIE","005","VAN SCHAIK PUBL","9780868744551","00VS","174.95","174.95","0"
"9781874955535","PRIMARY AIDS CARE","005","VAN SCHAIK PUBL","9781874955535","00VS","176.00","176.00","0"
"9780868743097","ZZ EDUCATION SECONDARY SCHOOL TEACHERS","005","VAN SCHAIK PUBL","9780868743097","00VS","45.00","45.00","0"
